ì˙ït,éûä‘äÑ,âÒêî
2019/10/1,Tue,1
2019/10/2,Wed,1
2019/10/3,Thu,1
2019/10/4,Fri,1
2019/10/5,Sat,
2019/10/6,Sun,
2019/10/7,Mon,1
2019/10/8,Tue,2
2019/10/9,Wed,2
2019/10/10,Thu,2
2019/10/11,Fri,2
2019/10/12,Sat,
2019/10/13,Sun,
2019/10/14,Mon,
2019/10/15,Tue,3
2019/10/16,Wed,3
2019/10/17,Thu,3
2019/10/18,Fri,3
2019/10/19,Sat,
2019/10/20,Sun,
2019/10/21,Mon,2
2019/10/22,Tue,
2019/10/23,Wed,4
2019/10/24,Thu,4
2019/10/25,Mon,3
2019/10/26,Sat,
2019/10/27,Sun,
2019/10/28,Mon,4
2019/10/29,Tue,4
2019/10/30,Wed,5
2019/10/31,Thu,5
2019/11/1,Fri,4
2019/11/2,Sat,
2019/11/3,Sun,
2019/11/4,Mon,
2019/11/5,Tue,5
2019/11/6,Wed,6
2019/11/7,Thu,6
2019/11/8,Fri,5
2019/11/9,Sat,
2019/11/10,Sun,
2019/11/11,Mon,5
2019/11/12,Tue,6
2019/11/13,Wed,7
2019/11/14,Thu,7
2019/11/15,Fri,6
2019/11/16,Sat,
2019/11/17,Sun,
2019/11/18,Mon,6
2019/11/19,Tue,7
2019/11/20,Wed,8
2019/11/21,Thu,8
2019/11/22,Fri,7
2019/11/23,Sat,
2019/11/24,Sun,
2019/11/25,Mon,7
2019/11/26,Tue,8
2019/11/27,Wed,9
2019/11/28,Thu,9
2019/11/29,Fri,8
2019/11/30,Sat,
2019/12/1,Sun,
2019/12/2,Mon,8
2019/12/3,Tue,9
2019/12/4,Wed,10
2019/12/5,Thu,10
2019/12/6,Fri,9
2019/12/7,Sat,
2019/12/8,Sun,
2019/12/9,Mon,9
2019/12/10,Tue,10
2019/12/11,Wed,11
2019/12/12,Thu,11
2019/12/13,Fri,10
2019/12/14,Sat,
2019/12/15,Sun,
2019/12/16,Mon,10
2019/12/17,Tue,11
2019/12/18,Wed,12
2019/12/19,Thu,12
2019/12/20,Fri,11
2019/12/21,Sat,
2019/12/22,Sun,
2019/12/23,Mon,
2019/12/24,Tue,
2019/12/25,Wed,
2019/12/26,Thu,
2019/12/27,Fri,
2019/12/28,Sat,
2019/12/29,Sun,
2019/12/30,Mon,
2019/12/31,Tue,
2020/1/1,Wed,
2020/1/2,Thu,
2020/1/3,Fri,
2020/1/4,Sat,
2020/1/5,Sun,
2020/1/6,Mon,11
2020/1/7,Tue,12
2020/1/8,Wed,13
2020/1/9,Thu,13
2020/1/10,Fri,12
2020/1/11,Sat,
2020/1/12,Sun,
2020/1/13,Mon,
2020/1/14,Tue,13
2020/1/15,Wed,14
2020/1/16,Mon,12
2020/1/17,Fri,13
2020/1/18,Sat,
2020/1/19,Sun,
2020/1/20,Mon,13
2020/1/21,Tue,14
2020/1/22,Wed,15
2020/1/23,Thu,14
2020/1/24,Fri,14
2020/1/25,Sat,
2020/1/26,Sun,
2020/1/27,Mon,14
2020/1/28,Tue,15
2020/1/29,Mon,15
2020/1/30,Thu,15
2020/1/31,Fri,15
2020/2/1,Sat,
2020/2/2,Sun,
2020/2/3,Mon,16
2020/2/4,Tue,16
2020/2/5,Wed,16
2020/2/6,Thu,16
2020/2/7,Fri,16
